date,cases_new,cases_import,cases_recovered,cases_active,deaths_new,vax_daily_doses,vax_cumul_fully_vaccinated,vax_cumul_booster
2021-01-01,2068,2,2230,23434,3,0,0,0
2021-01-02,2295,9,3321,22399,9,0,0,0
2021-01-03,1704,5,2726,21366,11,0,0,0
2021-01-04,1741,8,1010,22090,7,0,0,0
2021-01-05,2027,16,1221,22885,11,0,0,0
2021-01-06,2593,4,1129,24348,1,0,0,0
2021-01-07,3027,6,2145,25222,8,0,0,0
2021-01-08,2643,2,2708,25141,16,0,0,0
2021-01-09,2451,5,1401,26186,5,0,0,0
2021-01-10,2433,7,1277,27333,9,0,0,0
2021-01-11,2232,5,1006,28555,4,0,0,0
2021-01-12,3309,6,1469,30391,4,0,0,0
2021-01-13,2985,2,994,32378,4,0,0,0
2021-01-14,3337,7,1710,33990,15,0,0,0
2021-01-15,3211,5,1939,35254,8,0,0,0
2021-01-16,4029,8,2148,37127,8,0,0,0
2021-01-17,3339,15,2676,37783,7,0,0,0
2021-01-18,3306,7,2293,38792,4,0,0,0
2021-01-19,3631,7,2944,39465,14,0,0,0
2021-01-20,4008,5,2374,41088,11,0,0,0
2021-01-21,3170,8,2490,41756,12,0,0,0
2021-01-22,3631,6,2554,42815,18,0,0,0
2021-01-23,4275,11,4313,42770,7,0,0,0
2021-01-24,3346,7,4427,41678,11,0,0,0
2021-01-25,3048,8,3638,41077,11,0,0,0
2021-01-26,3585,2,4076,40575,11,0,0,0
2021-01-27,3680,6,1858,42390,7,0,0,0
2021-01-28,4094,8,3281,43193,10,0,0,0
2021-01-29,5725,7,3423,45479,16,0,0,0
2021-01-30,5728,5,3805,47389,13,0,0,0
2021-01-31,5298,3,4522,48151,14,0,0,0
2021-02-01,4214,9,4280,48075,10,0,0,0
2021-02-02,3455,5,3661,47848,21,0,0,0
2021-02-03,4284,6,3804,48310,18,0,0,0
2021-02-04,4571,3,4092,48772,17,0,0,0
2021-02-05,3391,4,3392,48752,19,0,0,0
2021-02-06,3847,4,1692,50895,12,0,0,0
2021-02-07,3731,8,3369,51242,15,0,0,0
2021-02-08,3100,1,2340,51978,24,0,0,0
2021-02-09,2764,6,3887,50842,13,0,0,0
2021-02-10,3288,5,1929,52187,14,0,0,0
2021-02-11,3384,15,3774,51796,1,0,0,0
2021-02-12,3318,7,3505,51591,18,0,0,0
2021-02-13,3499,1,3515,51569,6,0,0,0
2021-02-14,2464,3,4525,49500,8,0,0,0
2021-02-15,2176,1,4521,47144,11,0,0,0
2021-02-16,2720,0,5718,44137,9,0,0,0
2021-02-17,2998,7,5709,41403,23,0,0,0
2021-02-18,2712,4,5320,38794,1,0,0,0
2021-02-19,2936,9,4889,36802,39,0,0,0
2021-02-20,2461,0,4782,34472,9,0,0,0
2021-02-21,3297,6,4456,33307,6,0,0,0
2021-02-22,2192,3,3414,32078,7,0,0,0
2021-02-23,2468,4,4055,30471,20,0,0,0
2021-02-24,3545,1,3331,30673,12,69,3,0
2021-02-25,1924,6,3752,28832,13,1152,5,0
2021-02-26,2253,7,3085,27990,10,4116,8,0
2021-02-27,2364,1,3320,27024,10,6726,14,0
2021-02-28,2437,1,3251,26201,9,6726,20,0
2021-03-01,1828,7,2486,25538,5,15403,26,0
2021-03-02,1555,3,2528,24559,6,21688,30,0
2021-03-03,1745,2,2276,24021,7,22689,36,0
2021-03-04,2063,9,2922,23157,5,19528,53,0
2021-03-05,2154,5,3275,22030,6,14377,59,0
2021-03-06,1680,3,2548,21155,7,15848,63,0
2021-03-07,1683,10,2506,20329,3,12613,70,0
2021-03-08,1529,9,2076,19774,8,27223,87,0
2021-03-09,1280,2,2345,18700,9,30132,150,0
2021-03-10,1448,10,2137,18006,5,28785,162,0
2021-03-11,1647,5,2104,17540,9,26519,174,0
2021-03-12,1575,7,2042,17070,3,26133,184,0
2021-03-13,1470,12,1830,16707,3,17064,187,0
2021-03-14,1354,14,1782,16275,4,10315,192,0
2021-03-15,1208,9,1973,15507,3,20396,195,0
2021-03-16,1063,4,1365,15200,5,25484,202,0
2021-03-17,1219,7,1346,15071,2,20866,269,0
2021-03-18,1213,6,1503,14778,3,18113,1067,0
2021-03-19,1576,11,1996,14356,2,14576,4902,0
2021-03-20,1671,2,1585,14438,4,13814,11016,0
2021-03-21,1327,11,1247,14514,4,15568,16871,0
2021-03-22,1116,8,1495,14130,5,24299,31449,0
2021-03-23,1384,9,1058,14455,1,29182,52327,0
2021-03-24,1268,5,1083,14638,2,29122,75157,0
2021-03-25,1360,1,1491,14505,2,25807,94529,0
2021-03-26,1275,32,1509,14270,1,16755,107345,0
2021-03-27,1199,5,1257,14210,2,16150,121793,0
2021-03-28,1302,9,1127,14381,4,16626,134735,0
2021-03-29,941,8,1097,14220,5,35250,162120,0
2021-03-30,1133,8,1148,14201,4,40952,191544,0
2021-03-31,1482,2,1070,14605,8,37476,219068,0
2021-04-01,1178,20,1377,14400,6,42476,245630,0
2021-04-02,1294,26,1442,14247,5,30484,268540,0
2021-04-03,1638,7,1449,14433,3,17421,283291,0
2021-04-04,1349,7,1270,14510,2,15203,292463,0
2021-04-05,1070,9,1294,14279,7,28705,311963,0
2021-04-06,1300,24,1412,14162,5,32726,333660,0
2021-04-07,1139,13,1199,14098,4,31055,351989,0
2021-04-08,1285,17,1175,14204,4,26904,366799,0
2021-04-09,1854,20,1247,14806,5,21628,381196,0
2021-04-10,1510,5,1248,15060,8,15748,391269,0
2021-04-11,1739,8,1216,15575,8,23195,401990,0
2021-04-12,1317,12,1052,15836,4,39338,415954,0
2021-04-13,1767,9,1290,16301,12,24521,423656,0
2021-04-14,1889,6,1485,16697,8,28696,431407,0
2021-04-15,2148,19,1259,17576,10,27274,440576,0
2021-04-16,2551,29,1524,18601,2,19558,444503,0
2021-04-17,2331,12,1832,19095,5,9692,445617,0
2021-04-18,2195,10,1427,19855,8,9932,449385,0
2021-04-19,2078,13,1402,20523,8,33169,457882,0
2021-04-20,2341,7,1592,21269,3,33384,469177,0
2021-04-21,2340,12,1910,21688,11,27733,481067,0
2021-04-22,2875,29,2541,22015,7,29589,496259,0
2021-04-23,2847,4,2341,22513,8,18923,502960,0
2021-04-24,2717,27,2292,22927,11,11475,506441,0
2021-04-25,2690,10,1853,23754,10,14855,512181,0
2021-04-26,2776,4,1803,24714,13,30322,521128,0
2021-04-27,2733,5,2019,25415,13,34724,533026,0
2021-04-28,3142,13,1822,26720,15,39744,546297,0
2021-04-29,3332,9,1943,28094,15,12541,552365,0
2021-04-30,3788,2,2640,29228,14,26721,561286,0
2021-05-01,2881,16,2462,29632,15,5507,563861,0
2021-05-02,3418,10,2698,30340,12,15781,571983,0
2021-05-03,2500,4,2068,30754,18,51296,598734,0
2021-05-04,3120,6,2334,31517,23,49850,618442,0
2021-05-05,3744,7,2304,32940,17,55063,641357,0
2021-05-06,3551,16,2709,33763,19,55895,660146,0
2021-05-07,4498,5,3449,34790,22,47874,675644,0
2021-05-08,4519,5,2719,36565,25,27175,684094,0
2021-05-09,3733,6,3211,37061,26,32543,690702,0
2021-05-10,3807,5,3454,37397,17,61636,715583,0
2021-05-11,3973,5,2848,38500,22,49020,734048,0
2021-05-12,4765,7,3124,40102,39,18183,741880,0
2021-05-13,4855,3,3347,41583,27,124,741891,0
2021-05-14,4113,1,4190,41472,34,70,741900,0
2021-05-15,4140,9,3432,42136,44,11010,742504,0
2021-05-16,3780,2,3990,41890,36,10384,742838,0
2021-05-17,4446,3,2784,43507,45,60749,771057,0
2021-05-18,4865,5,3497,44828,47,78307,803474,0
2021-05-19,6075,3,3516,47341,46,84438,837637,0
2021-05-20,6806,2,3916,50172,59,81377,859653,0
2021-05-21,6493,2,4508,52107,50,61218,878569,0
2021-05-22,6320,3,4694,53683,50,46751,881939,0
2021-05-23,6976,9,3587,57023,49,46510,890374,0
2021-05-24,6509,26,3452,60019,61,95973,916537,0
2021-05-25,7289,4,3789,63459,60,100743,947345,0
2021-05-26,7478,5,4665,66209,63,22474,949256,0
2021-05-27,7857,9,4598,69409,59,108657,998956,0
2021-05-28,8290,2,4814,72824,61,74642,1026601,0
2021-05-29,9020,6,5527,76219,98,66263,1041696,0
2021-05-30,6999,4,5121,78018,79,62900,1066147,0
2021-05-31,6824,3,5251,79524,67,96440,1094883,0
2021-06-01,7105,2,6083,80475,71,100018,1119354,0
2021-06-02,7703,2,5777,82275,126,107033,1129255,0
2021-06-03,8209,64,7049,83332,103,119397,1137145,0
2021-06-04,7748,2,6624,84370,86,91522,1142140,0
2021-06-05,7452,8,6105,85608,109,73687,1143548,0
2021-06-06,6241,14,5133,86629,87,82867,1145168,0
2021-06-07,5271,14,7548,84270,82,65984,1150277,0
2021-06-08,5566,4,6962,82798,76,155073,1196739,0
2021-06-09,6239,11,7386,81576,75,157243,1237565,0
2021-06-10,5671,8,7325,79849,73,161400,1285094,0
2021-06-11,6849,4,7749,78865,84,126743,1315410,0
2021-06-12,5793,6,8334,76248,76,137704,1349629,0
2021-06-13,5304,5,8163,73325,64,132091,1376657,0
2021-06-14,4949,6,6588,71626,60,204095,1432646,0
2021-06-15,5419,6,6831,70113,101,223478,1488929,0
2021-06-16,5150,3,7240,67950,73,214727,1497239,0
2021-06-17,5738,3,7530,66098,60,229721,1541732,0
2021-06-18,6440,5,6861,65603,74,185795,1574526,0
2021-06-19,5911,1,6918,64524,72,172319,1610885,0
2021-06-20,5293,7,5941,63816,60,146821,1635145,0
2021-06-21,4611,8,5439,62919,69,245726,1689951,0
2021-06-22,4743,2,5557,62028,77,260399,1751047,0
2021-06-23,5244,7,6372,60817,83,265693,1831266,0
2021-06-24,5841,8,5411,61163,84,277969,1926133,0
2021-06-25,5812,32,6775,60118,82,223257,1994464,0
2021-06-26,5803,10,5193,60647,81,199212,2050886,0
2021-06-27,5586,3,4777,61396,60,178075,2117153,0
2021-06-28,5218,7,4744,61813,57,210302,2160835,0
2021-06-29,6437,14,5298,62845,107,244508,2246406,0
2021-06-30,6276,16,4929,64130,62,270978,2343279,0
2021-07-01,6988,5,5580,65454,84,270409,2429925,0
2021-07-02,6982,3,6278,66085,73,241033,2500693,0
2021-07-03,6658,11,5677,66959,107,224286,2580136,0
2021-07-04,6045,20,5271,67670,63,216022,2661027,0
2021-07-05,6387,26,4532,69448,77,328223,2782600,0
2021-07-06,7654,11,4797,72202,103,356550,2921985,0
2021-07-07,7097,26,4863,74345,91,395635,3098688,0
2021-07-08,8868,10,5802,77276,135,390850,3259422,0
2021-07-09,9180,7,5713,80666,77,350566,3389163,0
2021-07-10,9353,11,5910,84022,87,336708,3506033,0
2021-07-11,9105,18,5194,87843,90,298338,3609530,0
2021-07-12,8574,40,5041,91273,103,435204,3772687,0
2021-07-13,11079,27,5990,96237,125,439988,3944227,0
2021-07-14,11618,26,6377,101360,118,459640,4108435,0
2021-07-15,13215,13,6095,108370,110,479374,4269859,0
2021-07-16,12541,16,6742,114054,115,418330,4404187,0
2021-07-17,12528,19,6629,119815,138,397765,4537132,0
2021-07-18,10710,12,5778,124594,153,356872,4641384,0
2021-07-19,10972,48,6439,128998,129,443655,4796070,0
2021-07-20,12366,8,7567,133704,93,312197,4899623,0
2021-07-21,11985,7,7902,137588,199,459976,5070332,0
2021-07-22,13034,25,8436,142052,134,520564,5247316,0
2021-07-23,15573,32,10094,147387,144,479557,5412028,0
2021-07-24,15902,26,9471,153634,184,433849,5549747,0
2021-07-25,17045,6,9683,160904,92,417808,5674926,0
2021-07-26,14516,3,9371,165842,207,538815,5870734,0
2021-07-27,16117,26,11526,170226,207,572872,6076790,0
2021-07-28,17405,6,12373,175115,143,583126,6284196,0
2021-07-29,17170,32,12930,179181,174,582133,6502983,0
2021-07-30,16840,17,12179,183708,134,536491,6706230,0
2021-07-31,17786,9,11718,189611,165,544561,6913982,0
2021-08-01,17150,1,11326,195275,160,496498,7099714,0
2021-08-02,15764,6,11767,199053,219,489598,7352137,0
2021-08-03,17105,37,12297,203666,195,505227,7603169,0
2021-08-04,19819,23,12704,210524,257,516791,7876863,0
2021-08-05,20596,34,13893,217063,164,539371,8180050,0
2021-08-06,20889,13,16394,221398,160,471696,8446205,0
2021-08-07,19257,16,16322,224123,210,452578,8693683,0
2021-08-08,18688,10,17055,225396,360,412282,8933520,0
2021-08-09,17236,29,15187,227233,212,488731,9218576,0
2021-08-10,19991,0,16258,230765,201,379271,9420600,0
2021-08-11,20780,15,17973,233361,211,520336,9695648,0
2021-08-12,21668,58,17687,237024,318,553059,10029979,0
2021-08-13,21468,25,17025,241190,277,497783,10341599,0
2021-08-14,20670,8,17655,243945,260,471780,10631612,0
2021-08-15,20546,14,16945,247264,282,440765,10913671,0
2021-08-16,19740,19,17450,249280,274,527210,11249387,0
2021-08-17,19631,7,16467,252151,293,550217,11600040,0
2021-08-18,22242,4,19680,254488,225,572981,11965339,0
2021-08-19,22948,9,21720,255538,178,549926,12317858,0
2021-08-20,23564,23,21448,257421,233,515536,12659869,0
2021-08-21,22262,40,18576,260884,223,502092,12986184,0
2021-08-22,19807,5,18200,262259,232,465780,13301146,0
2021-08-23,17672,8,19053,260704,174,419441,13557733,0
2021-08-24,20837,22,18613,262717,211,447538,13834676,0
2021-08-25,22642,5,20798,264296,265,452637,14110400,0
2021-08-26,24599,8,22657,265845,393,440606,14377956,0
2021-08-27,22070,15,21877,265699,339,378317,14596434,0
2021-08-28,22597,12,19492,268552,252,374482,14807243,0
2021-08-29,20579,7,20845,268001,285,333364,14985535,0
2021-08-30,19268,16,21257,265718,294,392758,15181767,0
2021-08-31,20897,1,18465,267868,282,288050,15340315,0
2021-09-01,18762,5,21073,265279,278,431749,15569929,4
2021-09-02,20988,1,23473,262545,249,405408,15777914,11
2021-09-03,19378,14,22399,259194,330,359964,15980524,13
2021-09-04,19057,10,21582,256307,362,336857,16169039,19
2021-09-05,20396,8,20573,255794,336,317247,16340276,22
2021-09-06,17352,8,20201,252673,272,343995,16540713,25
2021-09-07,18547,18,18902,252007,311,352471,16748487,27
2021-09-08,19733,3,22701,248678,361,352293,16961944,34
2021-09-09,19307,6,24855,242808,322,353959,17170218,36
2021-09-10,21176,4,21476,242167,341,318262,17368421,40
2021-09-11,19550,7,21771,239354,592,287032,17558727,86
2021-09-12,19198,5,20980,237280,292,251292,17725368,180
2021-09-13,16073,21,24813,228127,413,252299,17898999,182
2021-09-14,15669,17,18053,225280,463,268509,18089043,185
2021-09-15,19495,11,18760,225593,422,274502,18288765,191
2021-09-16,18815,7,16939,227123,346,221167,18443469,192
2021-09-17,17577,3,22970,221343,387,263882,18626073,198
2021-09-18,15549,5,17205,219363,324,255585,18802527,199
2021-09-19,14954,11,23469,210472,376,239283,18975125,200
2021-09-20,14345,43,16814,207702,301,313143,19186694,202
2021-09-21,15759,27,16650,206477,334,276249,19335280,207
2021-09-22,14990,5,19702,201278,487,341854,19550213,210
2021-09-23,13754,4,16628,198288,116,348548,19759414,212
2021-09-24,14554,9,16751,195841,250,292684,19928462,214
2021-09-25,13899,6,18074,191438,228,278757,20086998,219
2021-09-26,13104,8,20971,183293,278,283943,20249734,226
2021-09-27,10959,12,16430,177564,258,338499,20411983,231
2021-09-28,11332,23,14160,174496,240,344801,20582762,240
2021-09-29,12434,8,17000,169722,208,355926,20741347,246
2021-09-30,12735,17,17725,164540,192,344212,20913918,263
2021-10-01,11889,14,15891,160417,121,249482,21057527,284
2021-10-02,10915,7,15396,155827,109,224295,21188926,290
2021-10-03,9066,12,14454,150321,118,218647,21307990,297
2021-10-04,8075,6,15456,142864,76,237148,21414822,419
2021-10-05,8817,14,15615,135949,117,235251,21523851,526
2021-10-06,9380,13,13045,132179,105,219980,21628045,567
2021-10-07,9890,18,12884,129053,132,205577,21723355,634
2021-10-08,9751,15,12724,126002,78,184982,21831688,1247
2021-10-09,8743,14,14422,120249,74,152084,21942612,1269
2021-10-10,7373,2,10959,116599,64,137562,22047038,1274
2021-10-11,6709,6,10833,112382,93,196795,22189557,1316
2021-10-12,7276,10,10555,109000,103,217853,22349774,1511
2021-10-13,7950,29,10832,106050,68,218206,22512460,3731
2021-10-14,8084,21,12456,101590,88,217136,22683893,7061
2021-10-15,7420,17,10145,98776,89,186238,22822406,17482
2021-10-16,7509,16,9531,96666,88,138386,22940700,21109
2021-10-17,6145,12,9231,93517,63,142803,23063721,23841
2021-10-18,5434,5,8435,90444,72,217380,23238748,33073
2021-10-19,5745,12,8933,87187,69,140188,23362312,34484
2021-10-20,5516,14,9401,83226,76,269407,23583251,51821
2021-10-21,6210,42,7562,81778,96,247978,23777933,72405
2021-10-22,6630,15,7630,80700,78,167194,23898124,91294
2021-10-23,5828,7,9178,77308,42,121274,23999020,99680
2021-10-24,5666,20,6978,75950,46,132362,24111285,108307
2021-10-25,4782,15,7414,73226,92,193365,24258219,130653
2021-10-26,5726,15,5607,73261,84,190005,24400234,153435
2021-10-27,6148,21,7595,71716,98,176700,24528904,181729
2021-10-28,6377,32,6637,71361,95,194600,24649893,234873
2021-10-29,6060,13,7297,70061,63,146281,24734490,280657
2021-10-30,5854,13,6715,69156,44,80435,24786487,301783
2021-10-31,4979,23,6127,67972,36,67744,24830597,318782
2021-11-01,4626,6,5299,67236,63,113143,24889072,363496
2021-11-02,5071,15,5372,66865,70,127079,24948289,421374
2021-11-03,5291,7,4947,67163,46,119825,24993516,487031
2021-11-04,5713,32,5865,66947,64,44346,25013227,508465
2021-11-05,4922,10,5579,66243,47,86578,25045273,556931
2021-11-06,4701,28,5382,65508,54,45034,25059351,582740
2021-11-07,4343,9,5190,64626,35,41407,25074225,605458
2021-11-08,4543,15,7348,61763,58,113229,25120218,665771
2021-11-09,5403,25,5311,61777,78,119902,25152172,745028
2021-11-10,6243,24,5068,62893,59,136315,25192315,832657
2021-11-11,6323,25,5337,63830,49,149625,25237773,927474
2021-11-12,6517,16,6026,64280,41,119385,25272912,1003697
2021-11-13,5809,27,4712,65322,55,59725,25289619,1042803
2021-11-14,5162,11,5019,65420,45,46823,25301224,1074355
2021-11-15,5143,13,4551,65959,53,106799,25329020,1146809
2021-11-16,5413,17,6013,65319,40,125563,25355962,1238085
2021-11-17,6288,22,4743,66796,68,122935,25377544,1332638
2021-11-18,6380,28,5760,67361,55,128780,25399394,1431848
2021-11-19,6355,31,5031,68640,45,109337,25417421,1515952
2021-11-20,5859,19,4970,69488,41,48590,25424196,1554444
2021-11-21,4854,12,5525,68793,24,39302,25429514,1585594
2021-11-22,4885,18,5628,67987,63,113267,25442063,1680762
2021-11-23,5594,24,4908,68626,47,140382,25453261,1804074
2021-11-24,5755,23,5082,69262,37,143556,25462407,1932713
2021-11-25,6144,12,6602,68756,48,144152,25468878,2064020
2021-11-26,5501,25,6664,67548,45,116963,25475987,2168562
2021-11-27,5097,17,5352,67253,40,56981,25481637,2217127
2021-11-28,4239,12,5007,66456,29,43971,25485475,2255007
2021-11-29,4087,21,4984,65498,61,112644,25492754,2355394
2021-11-30,4879,24,5168,65154,55,139662,25501979,2480665
2021-12-01,5439,21,6803,63741,49,147386,25510653,2614147
2021-12-02,5806,11,7246,62254,47,155346,25520151,2754076
2021-12-03,5551,23,5301,62487,17,129967,25527458,2871946
2021-12-04,4896,18,4676,62671,36,72334,25532321,2935972
2021-12-05,4298,23,4928,62001,40,57524,25535753,2988174
2021-12-06,4262,15,5894,60331,38,102867,25542793,3078760
2021-12-07,4965,29,4817,60413,66,130128,25550118,3196372
2021-12-08,5020,17,4525,60880,28,130992,25557092,3315158
2021-12-09,5446,20,5427,60858,41,146703,25565512,3448056
2021-12-10,5058,17,4997,60875,44,128711,25573030,3565239
2021-12-11,4626,20,4690,60780,31,74249,25575939,3635053
2021-12-12,3490,14,5399,58854,17,69904,25578499,3700800
2021-12-13,3504,24,4401,57928,29,134189,25584085,3825193
2021-12-14,4097,18,4301,57676,48,166874,25589754,3982133
2021-12-15,3900,19,4552,56991,33,175067,25595610,4146995
2021-12-16,4262,36,4985,56231,37,177687,25602300,4313398
2021-12-17,4362,28,5098,55477,18,165887,25607489,4470848
2021-12-18,4083,34,5435,54096,29,74126,25609887,4541349
2021-12-19,3108,37,3701,53484,19,81438,25612165,4618958
2021-12-20,2589,46,3810,52220,43,150426,25616938,4760701
2021-12-21,3140,58,4277,51026,57,172660,25621738,4924838
2021-12-22,3519,100,5118,49397,30,182133,25626779,5098360
2021-12-23,3510,95,4997,47866,44,182693,25632436,5271375
2021-12-24,3528,103,4483,46886,25,145044,25636634,5409536
2021-12-25,3160,156,4420,45601,25,26397,25638075,5433873
2021-12-26,2778,129,3539,44821,19,65986,25639641,5497243
2021-12-27,2757,147,4620,42923,35,133473,25645120,5621558
2021-12-28,2897,192,3434,42363,23,158093,25650233,5770657
2021-12-29,3683,239,4322,41688,36,190679,25655537,5952354
2021-12-30,3997,366,3984,41667,34,210738,25660671,6154059
2021-12-31,3573,343,3988,41227,25,186534,25665445,6332739
2022-01-01,3386,346,3547,41040,26,42492,25666356,6373645
2022-01-02,2882,333,3291,40612,19,97028,25667894,6467537
2022-01-03,2690,300,3535,39739,28,214580,25672082,6674665
2022-01-04,2842,332,2862,39688,31,247006,25676379,6914147
2022-01-05,3270,252,3195,39745,18,250950,25680741,7157637
2022-01-06,3543,364,3484,39785,19,258431,25685633,7407889
2022-01-07,3381,319,3447,39703,16,222269,25689333,7623377
2022-01-08,3251,299,3161,39782,11,128424,25690649,7748678
2022-01-09,2888,323,2714,39933,23,113054,25692319,7858792
2022-01-10,2641,338,2808,39748,18,228529,25695814,8081254
2022-01-11,3175,272,2977,39919,27,258736,25699157,8334062
2022-01-12,3198,303,3200,39902,15,261343,25702628,8589582
2022-01-13,3684,321,3292,40282,12,272650,25706294,8855972
2022-01-14,3346,267,3052,40564,12,240210,25708692,9091596
2022-01-15,3074,319,2828,40791,19,170606,25709658,9259830
2022-01-16,3010,263,2584,41205,12,150161,25710574,9407824
2022-01-17,2342,180,2907,40624,16,248278,25713902,9650314
2022-01-18,3245,274,3093,40767,9,133671,25715477,9780929
2022-01-19,3229,239,2848,41135,13,273939,25720181,10047887
2022-01-20,3764,522,3254,41623,22,253606,25723811,10295718
2022-01-21,4046,489,2804,42849,16,202387,25726764,10492740
2022-01-22,4116,498,2858,44093,14,160979,25727572,10651183
2022-01-23,3856,492,2814,45126,9,134396,25728694,10783297
2022-01-24,3214,406,3116,45214,10,208255,25731675,10986195
2022-01-25,4066,442,3559,45705,16,218823,25734580,11199629
2022-01-26,4744,429,3646,46791,12,213370,25737249,11408371
2022-01-27,5439,332,4409,47811,10,209867,25740140,11613282
2022-01-28,5522,373,3285,50036,12,183486,25742916,11791884
2022-01-29,5139,226,3767,51403,5,100731,25743924,11890648
2022-01-30,4915,188,3056,53254,8,83079,25744785,11972151
2022-01-31,4774,152,3232,54783,13,99056,25746565,12068118
2022-02-01,5566,227,3187,57155,7,29396,25746919,12096866
2022-02-02,5736,183,3196,59688,7,30728,25747427,12126730
2022-02-03,5720,130,3968,61432,8,103946,25750267,12225011
2022-02-04,7234,234,5254,63401,11,92855,25752194,12312941
2022-02-05,9117,134,6546,65958,14,75543,25753099,12371383
2022-02-06,10089,143,6460,69578,9,71057,25753950,12424882
2022-02-07,11034,77,6036,74567,9,123985,25756415,12536289
2022-02-08,13944,153,5421,83077,13,158163,25758125,12681114
2022-02-09,17134,130,5681,94521,9,171156,25760437,12834899
2022-02-10,19090,134,5712,107889,10,178776,25762488,12992275
2022-02-11,20939,121,5807,122997,24,165373,25764324,13133939
2022-02-12,22802,94,5442,140342,15,147955,25765210,13240237
2022-02-13,21072,65,5724,155679,11,121531,25766064,13324628
2022-02-14,21315,81,8517,168453,24,153766,25767844,13436512
2022-02-15,22133,80,7584,182971,31,158655,25769841,13549449
2022-02-16,27831,118,7912,202869,21,168591,25771761,13669543
2022-02-17,26701,132,11744,217787,39,177887,25773629,13790004
2022-02-18,27808,119,12488,233071,36,163291,25775427,13906332
2022-02-19,28825,91,18514,243348,34,154753,25776188,13985871
2022-02-20,26832,68,18459,251684,37,130941,25776760,14053943
2022-02-21,25099,85,17749,258991,43,141539,25777986,14140097
2022-02-22,27179,120,19037,267090,43,152545,25778743,14238166
2022-02-23,31199,119,20399,277835,55,147758,25779403,14335428
2022-02-24,32070,209,23332,286527,46,141259,25780547,14426218
2022-02-25,30644,257,22678,294436,57,136082,25781722,14514943
2022-02-26,27299,256,22710,298982,43,122140,25782659,14579671
2022-02-27,24466,246,22380,301029,39,103842,25783514,14639689
2022-02-28,23100,298,30624,293430,75,119848,25785007,14722494
2022-03-01,25854,448,25548,293658,78,104802,25786464,14798262
2022-03-02,27500,428,27557,293486,115,101058,25788064,14869766
2022-03-03,32467,413,27629,298238,86,99543,25789718,14942941
2022-03-04,33209,441,26352,305017,78,84379,25791512,15001642
2022-03-05,33406,342,27143,311213,67,70817,25792762,15040067
2022-03-06,27435,254,30335,308258,55,58853,25793890,15072689
2022-03-07,26856,211,30726,304311,77,66038,25795874,15119990
2022-03-08,31490,473,29035,306687,79,71106,25798015,15168737
2022-03-09,30246,418,26653,310167,113,64684,25799992,15212143
2022-03-10,30787,608,26457,314427,70,66645,25801993,15256050
2022-03-11,32800,541,24444,322707,76,60058,25804007,15289471
2022-03-12,26250,545,25089,323791,77,48945,25805542,15310206
2022-03-13,22535,361,25356,320883,87,46329,25807146,15330954
2022-03-14,22030,394,33872,308949,92,53860,25809510,15367334
2022-03-15,26534,691,31234,304154,95,59248,25811537,15405855
2022-03-16,28298,697,33009,299338,105,50013,25813728,15439941
2022-03-17,27004,719,29450,296806,86,48070,25816121,15471416
2022-03-18,24241,521,26615,294373,59,42548,25818039,15492511
2022-03-19,22341,524,33347,283282,85,36244,25819444,15510788
2022-03-20,19105,386,28250,274066,71,29037,25820732,15527697
2022-03-21,17828,407,28003,263828,63,29618,25822626,15550172
2022-03-22,21483,394,32561,252677,73,30519,25824240,15572267
2022-03-23,22491,382,26234,248869,65,29169,25825856,15593299
2022-03-24,24316,297,25512,247609,64,30305,25827739,15614681
2022-03-25,21839,287,22324,247072,52,34407,25829312,15634322
2022-03-26,20923,228,25467,242494,34,33188,25830429,15652485
2022-03-27,16863,238,26171,233148,38,25184,25831388,15669879
2022-03-28,13336,189,25552,220878,54,43839,25833322,15706847
2022-03-29,15215,250,24152,211877,64,50368,25835138,15748949
2022-03-30,15941,168,21186,206599,33,54354,25836776,15795731
2022-03-31,18560,187,18253,206862,44,60047,25838957,15845651
2022-04-01,17476,164,17321,206987,30,36821,25841940,15868414
2022-04-02,14692,218,20383,201240,56,27736,25848053,15880408
2022-04-03,12380,462,20635,192955,30,18065,25858933,15884740
2022-04-04,10002,98,23302,179627,28,24126,25868129,15896267
2022-04-05,12017,59,20431,171180,33,25172,25877602,15908495
2022-04-06,12105,43,21029,162224,32,27993,25890325,15920134
2022-04-07,11994,25,16603,157579,36,31963,25906500,15931326
2022-04-08,14944,104,14045,158447,31,37885,25928255,15940114
2022-04-09,10177,53,15132,153471,21,44967,25958677,15947105
2022-04-10,8112,25,15765,145806,12,41196,25989000,15953606
2022-04-11,7739,23,19049,134477,19,49312,26022926,15964056
2022-04-12,9002,52,16986,126463,30,48827,26058041,15972686
2022-04-13,10052,21,15893,120600,22,50841,26094877,15980581
2022-04-14,10413,27,13202,117793,18,62238,26139494,15988910
2022-04-15,9673,25,14267,113183,16,60055,26181352,15994866
2022-04-16,9705,30,14346,108530,12,84370,26245266,15999462
2022-04-17,6623,13,11233,103908,12,63582,26293184,16003122
2022-04-18,7140,264,14423,96609,16,59663,26336268,16009627
2022-04-19,6069,110,10619,92047,12,50878,26373811,16014534
2022-04-20,6968,32,8267,90732,16,65448,26421113,16020269
2022-04-21,5899,16,8434,88192,5,66308,26464885,16027405
2022-04-22,6342,20,9111,85411,12,69774,26511758,16032407
2022-04-23,5624,17,10041,80985,9,80473,26569922,16035747
2022-04-24,4006,7,10223,74760,8,56897,26610971,16038698
2022-04-25,2478,7,9215,68015,8,42398,26639689,16043373
2022-04-26,3361,6,9484,61879,13,37717,26664241,16048252
2022-04-27,3471,10,6900,58444,6,38519,26688700,16052726
2022-04-28,2935,9,7585,53784,10,35883,26710529,16057138
2022-04-29,2579,6,6055,50302,6,42715,26737768,16060280
2022-04-30,2107,16,6890,45514,5,38468,26765989,16062329
2022-05-01,1503,6,5839,41175,3,13593,26776407,16062878
2022-05-02,1352,4,6074,36448,5,3183,26778111,16063233
2022-05-03,922,1,5520,31841,9,2266,26779260,16063477
2022-05-04,1054,1,4107,28785,3,3208,26780831,16063949
2022-05-05,1278,3,2599,27462,2,13781,26789088,16065635
2022-05-06,1251,9,3181,25525,7,22137,26803601,16067210
2022-05-07,1372,5,3610,23284,3,25981,26822169,16068554
2022-05-08,2153,2,2869,22564,4,31004,26842773,16070024
2022-05-09,2246,5,2433,22376,1,32087,26860760,16072918
2022-05-10,2605,4,2014,22961,6,33783,26878106,16076415
2022-05-11,3321,10,1416,24858,8,36163,26894594,16080066
2022-05-12,3410,5,1430,26834,4,44162,26913804,16084384
2022-05-13,3029,0,1116,28742,5,57643,26943324,16087395
2022-05-14,2373,3,1340,29770,5,49278,26970673,16089736
2022-05-15,2239,3,1263,30743,3,26587,26985008,16091047
2022-05-16,1697,0,1548,30887,5,12040,26990616,16092877
2022-05-17,1469,3,1836,30517,3,18716,27000374,16095735
2022-05-18,2017,4,2548,29979,7,15776,27007566,16098368
2022-05-19,2124,1,2303,29797,3,19224,27016126,16101633
2022-05-20,2063,3,2618,29237,5,25913,27030186,16103758
2022-05-21,2021,1,3162,28093,3,25644,27044832,16105300
2022-05-22,1817,3,3389,26519,2,17506,27053706,16106689
2022-05-23,1544,3,2905,25156,2,12377,27058712,16108690
2022-05-24,1918,22,2124,24948,2,13897,27064154,16111140
2022-05-25,2430,12,2192,25180,6,13609,27069576,16113474
2022-05-26,1845,9,1825,25197,3,18181,27076036,16116751
2022-05-27,1877,4,1680,25392,2,23884,27087102,16118787
2022-05-28,1645,1,1809,25226,2,21744,27097728,16120076
2022-05-29,1155,3,1975,24401,5,15941,27104724,16121196
2022-05-30,1325,2,1935,23787,4,14355,27109535,16123299
2022-05-31,1451,6,2071,23160,7,16783,27114262,16125548
2022-06-01,1809,5,1911,23056,2,6416,27116954,16127201
2022-06-02,1877,6,1715,23216,2,7869,27121160,16128749
2022-06-03,1844,3,2005,23054,1,11247,27128017,16129971
2022-06-04,1591,5,2185,22455,5,9410,27133706,16130803
2022-06-05,1358,2,1620,22191,2,5841,27136893,16131408
2022-06-06,1330,4,1881,21638,2,2687,27138241,16131871
2022-06-07,1128,1,1547,21210,9,7354,27141987,16133724
2022-06-08,1518,1,1125,21597,6,7227,27145834,16135332
2022-06-09,1887,8,1399,22082,3,10125,27151721,16137422
2022-06-10,2166,1,1488,22759,1,13936,27161366,16139369
2022-06-11,1709,3,1746,22720,2,13253,27172114,16140194
2022-06-12,1571,1,1887,22403,1,8852,27178654,16140887
2022-06-13,2092,0,1876,22615,4,8248,27184232,16142166
2022-06-14,1922,3,1564,22969,4,8409,27189013,16143840
2022-06-15,2320,4,1390,23894,5,10027,27195319,16145125
2022-06-16,2033,0,1337,24585,5,13018,27205007,16146711
2022-06-17,2130,0,1080,25634,1,18233,27219857,16147989
2022-06-18,2127,0,1390,26370,1,16960,27233841,16148846
2022-06-19,1690,10,2108,25952,0,11043,27242961,16149391
2022-06-20,2093,1,2082,25960,3,8048,27248250,16150681
2022-06-21,1921,114,1716,26163,2,8240,27253254,16152051
2022-06-22,2425,8,1550,27034,4,10720,27259923,16153403
2022-06-23,2796,209,2503,27326,1,14082,27268069,16154847
2022-06-24,2512,194,1580,28255,3,20310,27281628,16156241
2022-06-25,2302,2,2539,28018,0,13644,27291372,16157030
2022-06-26,2003,3,1861,28159,1,8010,27296568,16157576
2022-06-27,1894,6,1944,28101,8,6099,27298828,16158600
2022-06-28,2025,20,2367,27755,4,5982,27300581,16159811
2022-06-29,2605,3,1633,28722,5,5808,27302426,16160936
2022-06-30,2867,4,2145,29442,2,8556,27305877,16162547
2022-07-01,2773,4,1984,30225,6,10034,27311151,16163598
2022-07-02,2527,4,2359,30393,0,9061,27316132,16164219
2022-07-03,2536,3,3123,29801,5,8021,27321389,16164907
2022-07-04,1918,2,2321,29390,8,7354,27324923,16165983
2022-07-05,2932,2,2292,30027,3,9047,27329502,16167046
2022-07-06,3561,9,2035,31548,5,10827,27336227,16168082
2022-07-07,4020,9,1718,33847,3,16452,27346849,16169398
2022-07-08,3589,3,2224,35206,6,19772,27360207,16170553
2022-07-09,2799,2,2666,35331,8,12821,27366741,16171315
2022-07-10,3264,5,2703,35890,2,5654,27368431,16171618
2022-07-11,2417,4,2536,35766,5,5282,27369528,16172015
2022-07-12,2345,3,2384,35724,3,10891,27371986,16173012
2022-07-13,3934,7,2747,36902,9,13326,27375497,16174122
2022-07-14,4098,5,2071,38921,8,16957,27380105,16175700
2022-07-15,5230,11,2927,41216,8,22717,27389809,16177150
2022-07-16,5047,3,3770,42489,4,19730,27399623,16178149
2022-07-17,3936,1,3899,42519,7,13167,27405784,16178989
2022-07-18,3080,1,3399,42193,7,12952,27408875,16180408
2022-07-19,3902,4,2935,43152,8,13978,27412249,16181875
2022-07-20,5685,2,3337,45492,8,15826,27415462,16183329
2022-07-21,4587,11,2652,47417,10,20209,27421100,16185307
2022-07-22,3880,7,2607,48676,14,22783,27430237,16186815
2022-07-23,4816,2,3928,49555,9,18669,27438314,16187868
2022-07-24,2720,5,4012,48260,3,13072,27442907,16188655
2022-07-25,3300,2,5227,46324,9,15122,27446221,16189991
2022-07-26,4759,3,4806,46268,9,16887,27450822,16191410
2022-07-27,4503,6,3847,46914,10,14269,27453340,16192854
2022-07-28,3926,23,3542,47294,4,17068,27457386,16194796
2022-07-29,4860,11,3836,48308,10,19921,27463913,16196356
2022-07-30,4271,3,5553,47022,4,11072,27467374,16197346
2022-07-31,2783,3,4482,45314,9,9107,27470262,16198049
2022-08-01,3213,11,3847,44672,8,8517,27471512,16199100
2022-08-02,4204,3,4582,44286,8,9136,27472510,16200286
2022-08-03,5330,13,3075,46531,10,9248,27473695,16201408
2022-08-04,4413,6,3394,47542,8,11012,27475901,16202800
2022-08-05,3927,14,4949,46514,6,11981,27478885,16204111
2022-08-06,4684,5,4275,46912,11,8495,27481267,16204926
2022-08-07,2728,2,3856,45778,6,4703,27482479,16205565
2022-08-08,2863,2,4752,43883,6,6375,27483192,16206526
2022-08-09,3083,3,4229,42725,12,7074,27483908,16207731
2022-08-10,4896,2,2979,44630,12,7266,27484992,16208712
2022-08-11,4831,6,3362,46089,10,8251,27486382,16210061
2022-08-12,3943,1,4645,45383,4,9698,27488360,16211234
2022-08-13,4334,6,5082,44625,10,7177,27490743,16212033
2022-08-14,3045,5,4226,43439,5,4307,27492149,16212663
2022-08-15,2437,6,3658,42210,8,4559,27492597,16213469
2022-08-16,3429,6,4882,40748,9,5108,27493211,16214453
2022-08-17,3516,3,2541,41708,15,5976,27493938,16215554
2022-08-18,4071,2,3289,42483,7,7621,27495737,16216786
2022-08-19,3490,3,3193,42774,6,9198,27498378,16217954
2022-08-20,2798,5,4669,40897,6,5470,27499786,16218687
2022-08-21,2464,16,4427,38925,9,3402,27501128,16219166
2022-08-22,2078,12,3290,37703,10,4019,27501593,16220142
2022-08-23,2722,5,4856,35558,11,4233,27501964,16220940
2022-08-24,2636,5,3206,34977,11,5430,27502394,16221883
2022-08-25,3206,4,2180,35995,8,5336,27503201,16222951
2022-08-26,3118,7,3363,35744,6,6319,27504501,16223876
2022-08-27,2491,0,3715,34515,5,4464,27506010,16224559
2022-08-28,2191,1,3796,32908,2,2380,27506672,16225095
2022-08-29,1946,1,3271,31575,8,3334,27506968,16225967
2022-08-30,2144,3,2549,31166,4,3928,27507227,16226721
2022-08-31,2340,2,2502,30998,6,1436,27507474,16226957
2022-09-01,2356,5,1875,31470,9,3852,27507906,16227859
2022-09-02,2328,3,2618,31171,9,5093,27508675,16228770
2022-09-03,2244,4,3202,30204,9,2737,27509302,16229260
2022-09-04,1904,1,3138,28968,2,1504,27509636,16229620
2022-09-05,1486,2,2897,27553,4,2321,27509850,16230167
2022-09-06,2067,4,2279,27335,6,2739,27510098,16230808
2022-09-07,2428,2,2673,27083,7,3172,27510401,16231534
2022-09-08,2226,2,1894,27407,8,4645,27510882,16232493
2022-09-09,1990,2,2016,27377,4,4163,27511719,16233163
2022-09-10,1971,7,2389,26956,3,2451,27512364,16233516
2022-09-11,1483,2,2090,26346,3,1363,27512713,16233793
2022-09-12,1847,7,2148,26040,5,1797,27512934,16234282
2022-09-13,1942,9,2276,25700,6,2535,27513272,16234988
2022-09-14,2431,8,1820,26306,5,2708,27513542,16235683
2022-09-15,2375,11,1466,27212,3,4023,27514065,16236743
2022-09-16,1977,2,2018,27165,6,1362,27514392,16237037
2022-09-17,1572,3,2695,26039,3,1816,27514932,16237352
2022-09-18,1639,9,2056,25618,4,962,27515203,16237551
2022-09-19,1307,4,1830,25090,5,1608,27515411,16238057
2022-09-20,1667,2,2028,24722,7,2393,27515661,16238799
2022-09-21,2111,5,1493,25334,6,2090,27515958,16239338
2022-09-22,2245,6,1901,25666,12,3234,27516409,16240396
2022-09-23,2070,3,2009,25724,3,3974,27517273,16241072
2022-09-24,1924,0,2360,25285,3,2330,27517838,16241572
2022-09-25,1608,2,2352,24539,2,1212,27518158,16241869
2022-09-26,1186,1,1690,24028,7,1531,27518345,16242339
2022-09-27,1552,5,1684,23890,6,1882,27518685,16242878
2022-09-28,2445,2,1613,24720,2,1941,27519162,16243356
2022-09-29,1867,4,1402,25181,4,2462,27519470,16244226
2022-09-30,2007,12,1407,25776,5,3548,27520114,16245050
2022-10-01,1626,5,2386,25016,0,1775,27520581,16245369
2022-10-02,1360,1,2271,24104,1,966,27520804,16245604
2022-10-03,1244,4,2005,23338,5,1032,27520918,16245975
2022-10-04,1483,4,1852,22964,5,1348,27521080,16246425
2022-10-05,1722,8,1639,23045,2,1505,27521275,16246922
2022-10-06,1794,5,1227,23608,4,1885,27521535,16247541
2022-10-07,1788,6,1509,23884,3,2101,27521950,16248038
2022-10-08,1627,3,2379,23128,4,1584,27522535,16248397
2022-10-09,1453,8,1800,22779,2,471,27522667,16248523
2022-10-10,1241,1,1843,22174,3,684,27522795,16248781
2022-10-11,1291,2,1592,21870,3,1172,27522945,16249256
2022-10-12,1628,7,1345,22152,1,1506,27523121,16249801
2022-10-13,2090,4,1428,22811,3,1859,27523406,16250537
2022-10-14,2231,6,1473,23564,5,1935,27523914,16250994
2022-10-15,2023,13,1699,23888,0,1377,27524322,16251364
2022-10-16,1712,2,1699,23899,2,601,27524492,16251545
2022-10-17,1210,1,2026,23077,6,1014,27524654,16251955
2022-10-18,1873,4,1515,23432,3,1221,27524803,16252412
2022-10-19,2295,4,1386,24338,3,1102,27524919,16252789
2022-10-20,2561,8,1248,25643,8,2439,27525227,16253365
2022-10-21,2256,6,1363,26533,3,1771,27525592,16253805
2022-10-22,2618,7,1841,27306,4,1078,27525839,16254158
2022-10-23,2054,1,1975,27385,0,585,27525955,16254350
2022-10-24,1737,1,2118,27001,3,412,27526078,16254461
2022-10-25,1743,1,1935,26804,5,776,27526206,16254749
2022-10-26,2136,3,1695,27239,6,1116,27526331,16255111
2022-10-27,2762,8,1271,28726,4,1647,27526574,16255658
2022-10-28,3296,10,1960,30061,1,1467,27526907,16256025
2022-10-29,3189,3,2541,30708,1,1163,27527219,16256347
2022-10-30,3129,6,2464,31371,2,608,27527420,16256509
2022-10-31,2913,7,2833,31442,9,1234,27527531,16256794
2022-11-01,2913,11,2599,31753,3,1310,27527586,16257166
2022-11-02,3969,2,2696,33024,2,1917,27527688,16257691
2022-11-03,4711,7,3120,34604,11,2621,27527848,16258193
2022-11-04,4360,4,3429,35534,1,3137,27528166,16258749
2022-11-05,4621,2,3577,36577,1,2267,27528464,16259074
2022-11-06,3913,4,3774,36711,5,1152,27528615,16259297
2022-11-07,2521,2,4514,34710,8,2647,27528659,16259580
2022-11-08,3781,3,2889,35593,9,2855,27528770,16259941
2022-11-09,3267,2,3947,34903,10,3655,27528907,16260347
2022-11-10,3436,3,4292,34039,8,4120,27529113,16260848
2022-11-11,3245,3,4208,33072,4,5395,27529417,16261463
2022-11-12,2882,1,4730,31215,9,3793,27529700,16261881
2022-11-13,2234,2,3836,29611,2,1956,27529829,16262075
2022-11-14,1749,1,2564,28790,6,3697,27529872,16262444
2022-11-15,2852,3,3710,27920,12,3669,27529927,16262919
2022-11-16,3304,4,3045,28171,8,4576,27529989,16263556
2022-11-17,3457,2,3736,27883,9,5348,27530184,16264334
2022-11-18,3037,3,3198,27717,5,3152,27530410,16264684
2022-11-19,2450,0,3000,27162,5,748,27530466,16264785
2022-11-20,1633,3,1989,26804,2,1343,27530579,16264909
2022-11-21,2121,0,1764,27147,14,2640,27530624,16265337
2022-11-22,2516,3,2643,27009,11,2753,27530703,16265757
2022-11-23,3537,7,3319,27219,8,3195,27530820,16266182
2022-11-24,2877,3,3226,26862,8,4144,27531126,16266772
2022-11-25,3024,7,2969,26909,8,4092,27531506,16267332
2022-11-26,2898,2,2789,27014,4,2863,27531760,16267758
2022-11-27,2022,0,1819,27213,4,1459,27531878,16267969
2022-11-28,2465,1,2029,27644,5,1782,27531922,16268193
2022-11-29,1672,1,2722,26584,10,2516,27531997,16268637
2022-11-30,1737,1,3338,24966,17,3215,27532134,16269079
2022-12-01,2375,4,2857,24473,11,3477,27532298,16269671
2022-12-02,2421,2,2826,24059,9,3297,27532562,16270264
2022-12-03,1866,6,2814,23105,6,2174,27532800,16270649
2022-12-04,1502,1,2093,22511,3,1282,27532910,16270863
2022-12-05,1576,1,2278,21806,3,1945,27532964,16271285
2022-12-06,1649,3,1675,21764,16,2347,27533056,16271821
2022-12-07,1682,2,1428,22012,6,2614,27533174,16272385
2022-12-08,1616,1,2145,21479,4,4155,27533291,16273188
2022-12-09,1597,5,2596,20474,6,3795,27533586,16273819
2022-12-10,1315,1,2601,19183,5,1831,27533805,16274113
2022-12-11,867,1,1313,18727,10,873,27533907,16274286
2022-12-12,809,4,1552,17978,6,2068,27533961,16274754
2022-12-13,1040,2,1456,17553,9,2024,27534013,16275244
2022-12-14,1241,3,1567,17221,6,2299,27534092,16275665
2022-12-15,1161,3,1562,16817,3,2993,27534372,16276258
2022-12-16,1138,2,1420,16527,8,2878,27534638,16276779
2022-12-17,993,2,1460,16055,5,1948,27534803,16277151
2022-12-18,847,2,1154,15742,6,859,27534906,16277300
2022-12-19,721,3,914,15547,2,1280,27534949,16277618
2022-12-20,816,1,940,15417,6,2128,27535012,16278109
2022-12-21,984,2,1534,14860,7,1667,27535063,16278506
2022-12-22,858,1,1114,14601,3,2265,27535174,16278969
2022-12-23,902,5,1104,14393,6,2118,27535420,16279374
2022-12-24,766,0,1026,14132,1,983,27535547,16279531
2022-12-25,609,2,737,14004,0,314,27535610,16279591
2022-12-26,480,7,655,13825,4,1208,27535663,16279796
2022-12-27,423,2,834,13408,6,1839,27535743,16280226
2022-12-28,480,6,957,12927,4,2255,27535859,16280626
2022-12-29,679,4,923,12677,6,3361,27536054,16281215
2022-12-30,583,7,930,12329,1,3473,27536345,16281762
2022-12-31,513,4,833,12008,1,2497,27536577,16282043
